ref	pos	strand	u	d	ur	pval	passed
ENST00000377799.8	8847	-	1	54	0.018518518518518517	0.1649458965203418	false
