ref	pos	strand	u	d	ur	pval	passed
ENST00000377799.8	8847	-	1	45	0.022222222222222223	0.1578175828080033	false
