ref	pos	strand	u	d	ur	pval	passed
ENST00000377799.8	8847	-	2	36	0.05555555555555555	0.011365013751118782	false
